Project,Model1,Model2,common,A-B,B-A
ant-1.7_Test.csv,Log,NB,520,29,25
ant-1.7_Test.csv,Log,RBF,520,35,19
ant-1.7_Test.csv,Log,MLP,506,44,24
ant-1.7_Test.csv,Log,DTree,501,45,28
ant-1.7_Test.csv,NB,Log,520,5,1
ant-1.7_Test.csv,NB,RBF,509,14,3
ant-1.7_Test.csv,NB,MLP,473,38,15
ant-1.7_Test.csv,NB,DTree,474,38,14
ant-1.7_Test.csv,RBF,Log,520,5,5
ant-1.7_Test.csv,RBF,NB,509,8,13
ant-1.7_Test.csv,RBF,MLP,473,37,20
ant-1.7_Test.csv,RBF,DTree,474,36,20
ant-1.7_Test.csv,MLP,Log,506,10,6
ant-1.7_Test.csv,MLP,NB,473,28,21
ant-1.7_Test.csv,MLP,RBF,473,33,16
ant-1.7_Test.csv,MLP,DTree,470,33,19
ant-1.7_Test.csv,DTree,Log,501,6,8
ant-1.7_Test.csv,DTree,NB,474,23,18
ant-1.7_Test.csv,DTree,RBF,474,27,14
ant-1.7_Test.csv,DTree,MLP,470,28,17
arc.csv,Log,NB,174,12,3
arc.csv,Log,RBF,186,2,1
arc.csv,Log,MLP,185,2,2
arc.csv,Log,DTree,184,4,1
arc.csv,NB,Log,174,1,2
arc.csv,NB,RBF,177,0,0
arc.csv,NB,MLP,174,3,0
arc.csv,NB,DTree,176,1,0
arc.csv,RBF,Log,186,2,5
arc.csv,RBF,NB,177,11,5
arc.csv,RBF,MLP,187,3,3
arc.csv,RBF,DTree,188,3,2
arc.csv,MLP,Log,185,2,3
arc.csv,MLP,NB,174,14,2
arc.csv,MLP,RBF,187,3,0
arc.csv,MLP,DTree,184,5,1
arc.csv,DTree,Log,184,2,4
arc.csv,DTree,NB,176,10,4
arc.csv,DTree,RBF,188,1,1
arc.csv,DTree,MLP,184,3,3
camel-1.6.csv,Log,NB,755,31,25
camel-1.6.csv,Log,RBF,809,1,1
camel-1.6.csv,Log,MLP,760,22,29
camel-1.6.csv,Log,DTree,727,55,29
camel-1.6.csv,NB,Log,755,3,1
camel-1.6.csv,NB,RBF,758,1,0
camel-1.6.csv,NB,MLP,720,20,19
camel-1.6.csv,NB,DTree,694,44,21
camel-1.6.csv,RBF,Log,809,20,16
camel-1.6.csv,RBF,NB,758,48,39
camel-1.6.csv,RBF,MLP,777,30,38
camel-1.6.csv,RBF,DTree,741,66,38
camel-1.6.csv,MLP,Log,760,12,9
camel-1.6.csv,MLP,NB,720,38,23
camel-1.6.csv,MLP,RBF,777,1,3
camel-1.6.csv,MLP,DTree,700,56,25
camel-1.6.csv,DTree,Log,727,8,8
camel-1.6.csv,DTree,NB,694,25,24
camel-1.6.csv,DTree,RBF,741,0,2
camel-1.6.csv,DTree,MLP,700,19,24
e-learning.csv,Log,NB,49,3,0
e-learning.csv,Log,RBF,52,0,0
e-learning.csv,Log,MLP,51,1,0
e-learning.csv,Log,DTree,49,2,1
e-learning.csv,NB,Log,49,2,0
e-learning.csv,NB,RBF,51,0,0
e-learning.csv,NB,MLP,49,2,0
e-learning.csv,NB,DTree,49,1,1
e-learning.csv,RBF,Log,52,3,1
e-learning.csv,RBF,NB,51,4,1
e-learning.csv,RBF,MLP,52,3,1
e-learning.csv,RBF,DTree,52,3,1
e-learning.csv,MLP,Log,51,1,0
e-learning.csv,MLP,NB,49,3,0
e-learning.csv,MLP,RBF,52,0,0
e-learning.csv,MLP,DTree,50,1,1
e-learning.csv,DTree,Log,49,2,2
e-learning.csv,DTree,NB,49,2,2
e-learning.csv,DTree,RBF,52,0,1
e-learning.csv,DTree,MLP,50,1,2
intercafe.csv,Log,NB,19,2,0
intercafe.csv,Log,RBF,19,2,0
intercafe.csv,Log,MLP,19,1,1
intercafe.csv,Log,DTree,20,0,1
intercafe.csv,NB,Log,19,2,1
intercafe.csv,NB,RBF,18,3,1
intercafe.csv,NB,MLP,17,3,2
intercafe.csv,NB,DTree,20,0,2
intercafe.csv,RBF,Log,19,1,0
intercafe.csv,RBF,NB,18,2,0
intercafe.csv,RBF,MLP,18,1,1
intercafe.csv,RBF,DTree,19,0,1
intercafe.csv,MLP,Log,19,0,0
intercafe.csv,MLP,NB,17,2,0
intercafe.csv,MLP,RBF,18,1,0
intercafe.csv,MLP,DTree,19,0,0
intercafe.csv,DTree,Log,20,2,0
intercafe.csv,DTree,NB,20,2,0
intercafe.csv,DTree,RBF,19,3,0
intercafe.csv,DTree,MLP,19,3,0
ivy-2.0.csv,Log,NB,270,22,9
ivy-2.0.csv,Log,RBF,297,4,0
ivy-2.0.csv,Log,MLP,295,5,1
ivy-2.0.csv,Log,DTree,293,7,1
ivy-2.0.csv,NB,Log,270,0,0
ivy-2.0.csv,NB,RBF,270,0,0
ivy-2.0.csv,NB,MLP,267,3,0
ivy-2.0.csv,NB,DTree,267,3,0
ivy-2.0.csv,RBF,Log,297,5,3
ivy-2.0.csv,RBF,NB,270,23,12
ivy-2.0.csv,RBF,MLP,296,8,1
ivy-2.0.csv,RBF,DTree,297,7,1
ivy-2.0.csv,MLP,Log,295,2,3
ivy-2.0.csv,MLP,NB,267,22,11
ivy-2.0.csv,MLP,RBF,296,4,0
ivy-2.0.csv,MLP,DTree,292,7,1
ivy-2.0.csv,DTree,Log,293,5,6
ivy-2.0.csv,DTree,NB,267,23,14
ivy-2.0.csv,DTree,RBF,297,4,3
ivy-2.0.csv,DTree,MLP,292,8,4
jedit-4.3.csv,Log,NB,415,18,3
jedit-4.3.csv,Log,RBF,436,0,0
jedit-4.3.csv,Log,MLP,435,1,0
jedit-4.3.csv,Log,DTree,436,0,0
jedit-4.3.csv,NB,Log,415,1,0
jedit-4.3.csv,NB,RBF,416,0,0
jedit-4.3.csv,NB,MLP,416,0,0
jedit-4.3.csv,NB,DTree,416,0,0
jedit-4.3.csv,RBF,Log,436,6,0
jedit-4.3.csv,RBF,NB,416,23,3
jedit-4.3.csv,RBF,MLP,438,4,0
jedit-4.3.csv,RBF,DTree,439,3,0
jedit-4.3.csv,MLP,Log,435,3,0
jedit-4.3.csv,MLP,NB,416,19,3
jedit-4.3.csv,MLP,RBF,438,0,0
jedit-4.3.csv,MLP,DTree,438,0,0
jedit-4.3.csv,DTree,Log,436,3,0
jedit-4.3.csv,DTree,NB,416,20,3
jedit-4.3.csv,DTree,RBF,439,0,0
jedit-4.3.csv,DTree,MLP,438,1,0
kalkulator.csv,Log,NB,14,2,2
kalkulator.csv,Log,RBF,17,0,1
kalkulator.csv,Log,MLP,17,0,1
kalkulator.csv,Log,DTree,16,1,1
kalkulator.csv,NB,Log,14,0,1
kalkulator.csv,NB,RBF,15,0,0
kalkulator.csv,NB,MLP,15,0,0
kalkulator.csv,NB,DTree,14,1,0
kalkulator.csv,RBF,Log,17,3,3
kalkulator.csv,RBF,NB,15,5,3
kalkulator.csv,RBF,MLP,19,2,2
kalkulator.csv,RBF,DTree,20,1,2
kalkulator.csv,MLP,Log,17,1,1
kalkulator.csv,MLP,NB,15,3,1
kalkulator.csv,MLP,RBF,19,0,0
kalkulator.csv,MLP,DTree,18,1,0
kalkulator.csv,DTree,Log,16,3,1
kalkulator.csv,DTree,NB,14,5,1
kalkulator.csv,DTree,RBF,20,0,0
kalkulator.csv,DTree,MLP,18,2,0
log4j-1.2.csv,Log,NB,7,0,3
log4j-1.2.csv,Log,RBF,0,1,9
log4j-1.2.csv,Log,MLP,3,1,6
log4j-1.2.csv,Log,DTree,2,0,8
log4j-1.2.csv,NB,Log,7,10,75
log4j-1.2.csv,NB,RBF,0,11,81
log4j-1.2.csv,NB,MLP,6,10,76
log4j-1.2.csv,NB,DTree,8,7,77
log4j-1.2.csv,RBF,Log,0,0,0
log4j-1.2.csv,RBF,NB,0,0,0
log4j-1.2.csv,RBF,MLP,0,0,0
log4j-1.2.csv,RBF,DTree,0,0,0
log4j-1.2.csv,MLP,Log,3,1,5
log4j-1.2.csv,MLP,NB,6,0,3
log4j-1.2.csv,MLP,RBF,0,1,8
log4j-1.2.csv,MLP,DTree,2,0,7
log4j-1.2.csv,DTree,Log,2,3,3
log4j-1.2.csv,DTree,NB,8,0,0
log4j-1.2.csv,DTree,RBF,0,4,4
log4j-1.2.csv,DTree,MLP,2,3,3
lucene-2.4.csv,Log,NB,121,1,3
lucene-2.4.csv,Log,RBF,88,24,13
lucene-2.4.csv,Log,MLP,87,19,19
lucene-2.4.csv,Log,DTree,72,26,27
lucene-2.4.csv,NB,Log,121,33,65
lucene-2.4.csv,NB,RBF,125,37,57
lucene-2.4.csv,NB,MLP,109,42,68
lucene-2.4.csv,NB,DTree,105,44,70
lucene-2.4.csv,RBF,Log,88,20,25
lucene-2.4.csv,RBF,NB,125,1,7
lucene-2.4.csv,RBF,MLP,80,24,29
lucene-2.4.csv,RBF,DTree,67,29,37
lucene-2.4.csv,MLP,Log,87,12,24
lucene-2.4.csv,MLP,NB,109,3,11
lucene-2.4.csv,MLP,RBF,80,21,22
lucene-2.4.csv,MLP,DTree,81,18,24
lucene-2.4.csv,DTree,Log,72,15,30
lucene-2.4.csv,DTree,NB,105,1,11
lucene-2.4.csv,DTree,RBF,67,22,28
lucene-2.4.csv,DTree,MLP,81,14,22
nieruchomosci.csv,Log,NB,12,0,3
nieruchomosci.csv,Log,RBF,11,2,2
nieruchomosci.csv,Log,MLP,14,0,1
nieruchomosci.csv,Log,DTree,9,5,1
nieruchomosci.csv,NB,Log,12,2,1
nieruchomosci.csv,NB,RBF,11,3,1
nieruchomosci.csv,NB,MLP,13,1,1
nieruchomosci.csv,NB,DTree,9,6,0
nieruchomosci.csv,RBF,Log,11,1,0
nieruchomosci.csv,RBF,NB,11,0,1
nieruchomosci.csv,RBF,MLP,12,0,0
nieruchomosci.csv,RBF,DTree,9,3,0
nieruchomosci.csv,MLP,Log,14,1,0
nieruchomosci.csv,MLP,NB,13,0,2
nieruchomosci.csv,MLP,RBF,12,2,1
nieruchomosci.csv,MLP,DTree,9,5,1
nieruchomosci.csv,DTree,Log,9,1,2
nieruchomosci.csv,DTree,NB,9,0,3
nieruchomosci.csv,DTree,RBF,9,0,3
nieruchomosci.csv,DTree,MLP,9,0,3
pbeans2.csv,Log,NB,33,1,0
pbeans2.csv,Log,RBF,32,2,0
pbeans2.csv,Log,MLP,30,3,1
pbeans2.csv,Log,DTree,32,1,1
pbeans2.csv,NB,Log,33,6,1
pbeans2.csv,NB,RBF,38,2,0
pbeans2.csv,NB,MLP,35,4,1
pbeans2.csv,NB,DTree,35,4,1
pbeans2.csv,RBF,Log,32,5,2
pbeans2.csv,RBF,NB,38,0,1
pbeans2.csv,RBF,MLP,35,3,1
pbeans2.csv,RBF,DTree,34,3,2
pbeans2.csv,MLP,Log,30,4,2
pbeans2.csv,MLP,NB,35,0,1
pbeans2.csv,MLP,RBF,35,1,0
pbeans2.csv,MLP,DTree,33,1,2
pbeans2.csv,DTree,Log,32,3,2
pbeans2.csv,DTree,NB,35,1,1
pbeans2.csv,DTree,RBF,34,2,1
pbeans2.csv,DTree,MLP,33,2,2
pdftranslator.csv,Log,NB,13,1,2
pdftranslator.csv,Log,RBF,15,0,1
pdftranslator.csv,Log,MLP,15,0,1
pdftranslator.csv,Log,DTree,10,3,3
pdftranslator.csv,NB,Log,13,5,2
pdftranslator.csv,NB,RBF,15,3,2
pdftranslator.csv,NB,MLP,15,3,2
pdftranslator.csv,NB,DTree,14,3,3
pdftranslator.csv,RBF,Log,15,2,0
pdftranslator.csv,RBF,NB,15,1,1
pdftranslator.csv,RBF,MLP,16,1,0
pdftranslator.csv,RBF,DTree,11,4,2
pdftranslator.csv,MLP,Log,15,2,0
pdftranslator.csv,MLP,NB,15,1,1
pdftranslator.csv,MLP,RBF,16,1,0
pdftranslator.csv,MLP,DTree,11,4,2
pdftranslator.csv,DTree,Log,10,4,1
pdftranslator.csv,DTree,NB,14,0,1
pdftranslator.csv,DTree,RBF,11,3,1
pdftranslator.csv,DTree,MLP,11,3,1
poi-3.0.csv,Log,NB,139,0,4
poi-3.0.csv,Log,RBF,104,20,19
poi-3.0.csv,Log,MLP,124,9,10
poi-3.0.csv,Log,DTree,108,15,20
poi-3.0.csv,NB,Log,139,32,120
poi-3.0.csv,NB,RBF,140,34,117
poi-3.0.csv,NB,MLP,148,28,115
poi-3.0.csv,NB,DTree,139,26,126
poi-3.0.csv,RBF,Log,104,19,27
poi-3.0.csv,RBF,NB,140,1,9
poi-3.0.csv,RBF,MLP,113,14,23
poi-3.0.csv,RBF,DTree,109,12,29
poi-3.0.csv,MLP,Log,124,15,15
poi-3.0.csv,MLP,NB,148,2,4
poi-3.0.csv,MLP,RBF,113,21,20
poi-3.0.csv,MLP,DTree,117,16,21
poi-3.0.csv,DTree,Log,108,25,17
poi-3.0.csv,DTree,NB,139,4,7
poi-3.0.csv,DTree,RBF,109,23,18
poi-3.0.csv,DTree,MLP,117,20,13
prop-6.csv,Log,NB,445,100,22
prop-6.csv,Log,RBF,567,0,0
prop-6.csv,Log,MLP,556,8,3
prop-6.csv,Log,DTree,560,3,4
prop-6.csv,NB,Log,445,0,0
prop-6.csv,NB,RBF,445,0,0
prop-6.csv,NB,MLP,445,0,0
prop-6.csv,NB,DTree,444,0,1
prop-6.csv,RBF,Log,567,9,3
prop-6.csv,RBF,NB,445,109,25
prop-6.csv,RBF,MLP,561,15,3
prop-6.csv,RBF,DTree,571,4,4
prop-6.csv,MLP,Log,556,2,3
prop-6.csv,MLP,NB,445,94,22
prop-6.csv,MLP,RBF,561,0,0
prop-6.csv,MLP,DTree,556,3,2
prop-6.csv,DTree,Log,560,8,3
prop-6.csv,DTree,NB,444,105,22
prop-6.csv,DTree,RBF,571,0,0
prop-6.csv,DTree,MLP,556,14,1
redaktor.csv,Log,NB,111,25,5
redaktor.csv,Log,RBF,135,4,2
redaktor.csv,Log,MLP,133,5,3
redaktor.csv,Log,DTree,137,2,2
redaktor.csv,NB,Log,111,4,0
redaktor.csv,NB,RBF,115,0,0
redaktor.csv,NB,MLP,109,5,1
redaktor.csv,NB,DTree,114,1,0
redaktor.csv,RBF,Log,135,5,1
redaktor.csv,RBF,NB,115,22,4
redaktor.csv,RBF,MLP,134,5,2
redaktor.csv,RBF,DTree,138,2,1
redaktor.csv,MLP,Log,133,4,0
redaktor.csv,MLP,NB,109,25,3
redaktor.csv,MLP,RBF,134,3,0
redaktor.csv,MLP,DTree,135,2,0
redaktor.csv,DTree,Log,137,5,0
redaktor.csv,DTree,NB,114,25,3
redaktor.csv,DTree,RBF,138,4,0
redaktor.csv,DTree,MLP,135,6,1
serapion.csv,Log,NB,24,5,2
serapion.csv,Log,RBF,27,2,2
serapion.csv,Log,MLP,30,1,0
serapion.csv,Log,DTree,26,5,0
serapion.csv,NB,Log,24,2,1
serapion.csv,NB,RBF,27,0,0
serapion.csv,NB,MLP,24,2,1
serapion.csv,NB,DTree,24,3,0
serapion.csv,RBF,Log,27,2,2
serapion.csv,RBF,NB,27,3,1
serapion.csv,RBF,MLP,28,2,1
serapion.csv,RBF,DTree,26,4,1
serapion.csv,MLP,Log,30,2,1
serapion.csv,MLP,NB,24,6,3
serapion.csv,MLP,RBF,28,3,2
serapion.csv,MLP,DTree,26,6,1
serapion.csv,DTree,Log,26,2,3
serapion.csv,DTree,NB,24,3,4
serapion.csv,DTree,RBF,26,1,4
serapion.csv,DTree,MLP,26,2,3
skarbonka.csv,Log,NB,25,2,4
skarbonka.csv,Log,RBF,28,1,2
skarbonka.csv,Log,MLP,28,3,0
skarbonka.csv,Log,DTree,28,3,0
skarbonka.csv,NB,Log,25,4,3
skarbonka.csv,NB,RBF,29,2,1
skarbonka.csv,NB,MLP,29,3,0
skarbonka.csv,NB,DTree,27,4,1
skarbonka.csv,RBF,Log,28,4,2
skarbonka.csv,RBF,NB,29,3,2
skarbonka.csv,RBF,MLP,30,4,0
skarbonka.csv,RBF,DTree,31,3,0
skarbonka.csv,MLP,Log,28,3,3
skarbonka.csv,MLP,NB,29,1,4
skarbonka.csv,MLP,RBF,30,1,3
skarbonka.csv,MLP,DTree,29,4,1
skarbonka.csv,DTree,Log,28,4,2
skarbonka.csv,DTree,NB,27,3,4
skarbonka.csv,DTree,RBF,31,1,2
skarbonka.csv,DTree,MLP,29,5,0
sklebagd.csv,Log,NB,6,0,2
sklebagd.csv,Log,RBF,5,0,3
sklebagd.csv,Log,MLP,7,0,1
sklebagd.csv,Log,DTree,3,1,4
sklebagd.csv,NB,Log,6,3,1
sklebagd.csv,NB,RBF,8,1,1
sklebagd.csv,NB,MLP,5,3,2
sklebagd.csv,NB,DTree,3,4,3
sklebagd.csv,RBF,Log,5,3,1
sklebagd.csv,RBF,NB,8,1,0
sklebagd.csv,RBF,MLP,5,3,1
sklebagd.csv,RBF,DTree,3,4,2
sklebagd.csv,MLP,Log,7,1,0
sklebagd.csv,MLP,NB,5,1,2
sklebagd.csv,MLP,RBF,5,1,2
sklebagd.csv,MLP,DTree,4,1,3
sklebagd.csv,DTree,Log,3,1,0
sklebagd.csv,DTree,NB,3,1,0
sklebagd.csv,DTree,RBF,3,1,0
sklebagd.csv,DTree,MLP,4,0,0
synapse-1.2.csv,Log,NB,161,6,8
synapse-1.2.csv,Log,RBF,156,13,6
synapse-1.2.csv,Log,MLP,154,12,9
synapse-1.2.csv,Log,DTree,151,12,12
synapse-1.2.csv,NB,Log,161,5,5
synapse-1.2.csv,NB,RBF,160,9,2
synapse-1.2.csv,NB,MLP,148,13,10
synapse-1.2.csv,NB,DTree,149,13,9
synapse-1.2.csv,RBF,Log,156,8,8
synapse-1.2.csv,RBF,NB,160,5,7
synapse-1.2.csv,RBF,MLP,148,12,12
synapse-1.2.csv,RBF,DTree,148,11,13
synapse-1.2.csv,MLP,Log,154,8,6
synapse-1.2.csv,MLP,NB,148,10,10
synapse-1.2.csv,MLP,RBF,148,13,7
synapse-1.2.csv,MLP,DTree,150,9,9
synapse-1.2.csv,DTree,Log,151,11,7
synapse-1.2.csv,DTree,NB,149,13,7
synapse-1.2.csv,DTree,RBF,148,15,6
synapse-1.2.csv,DTree,MLP,150,12,7
systemclean_data.csv,Log,NB,44,4,1
systemclean_data.csv,Log,RBF,46,1,2
systemclean_data.csv,Log,MLP,47,2,0
systemclean_data.csv,Log,DTree,47,1,1
systemclean_data.csv,NB,Log,44,3,0
systemclean_data.csv,NB,RBF,46,0,1
systemclean_data.csv,NB,MLP,44,3,0
systemclean_data.csv,NB,DTree,46,0,1
systemclean_data.csv,RBF,Log,46,5,1
systemclean_data.csv,RBF,NB,46,5,1
systemclean_data.csv,RBF,MLP,48,4,0
systemclean_data.csv,RBF,DTree,50,2,0
systemclean_data.csv,MLP,Log,47,4,1
systemclean_data.csv,MLP,NB,44,6,2
systemclean_data.csv,MLP,RBF,48,2,2
systemclean_data.csv,MLP,DTree,49,2,1
systemclean_data.csv,DTree,Log,47,5,3
systemclean_data.csv,DTree,NB,46,5,4
systemclean_data.csv,DTree,RBF,50,2,3
systemclean_data.csv,DTree,MLP,49,4,2
szybkafucha.csv,Log,NB,8,0,3
szybkafucha.csv,Log,RBF,8,0,3
szybkafucha.csv,Log,MLP,8,0,3
szybkafucha.csv,Log,DTree,9,0,2
szybkafucha.csv,NB,Log,8,3,1
szybkafucha.csv,NB,RBF,11,1,0
szybkafucha.csv,NB,MLP,9,3,0
szybkafucha.csv,NB,DTree,10,2,0
szybkafucha.csv,RBF,Log,8,2,1
szybkafucha.csv,RBF,NB,11,0,0
szybkafucha.csv,RBF,MLP,9,2,0
szybkafucha.csv,RBF,DTree,10,1,0
szybkafucha.csv,MLP,Log,8,0,1
szybkafucha.csv,MLP,NB,9,0,0
szybkafucha.csv,MLP,RBF,9,0,0
szybkafucha.csv,MLP,DTree,9,0,0
szybkafucha.csv,DTree,Log,9,1,2
szybkafucha.csv,DTree,NB,10,0,2
szybkafucha.csv,DTree,RBF,10,0,2
szybkafucha.csv,DTree,MLP,9,1,2
termoproject.csv,Log,NB,21,2,2
termoproject.csv,Log,RBF,20,3,2
termoproject.csv,Log,MLP,22,1,2
termoproject.csv,Log,DTree,19,4,2
termoproject.csv,NB,Log,21,4,2
termoproject.csv,NB,RBF,24,3,0
termoproject.csv,NB,MLP,24,2,1
termoproject.csv,NB,DTree,23,4,0
termoproject.csv,RBF,Log,20,3,3
termoproject.csv,RBF,NB,24,1,1
termoproject.csv,RBF,MLP,23,1,2
termoproject.csv,RBF,DTree,21,5,0
termoproject.csv,MLP,Log,22,2,1
termoproject.csv,MLP,NB,24,1,0
termoproject.csv,MLP,RBF,23,2,0
termoproject.csv,MLP,DTree,21,4,0
termoproject.csv,DTree,Log,19,3,3
termoproject.csv,DTree,NB,23,1,1
termoproject.csv,DTree,RBF,21,4,0
termoproject.csv,DTree,MLP,21,2,2
tomcat.csv,Log,NB,666,55,17
tomcat.csv,Log,RBF,737,1,0
tomcat.csv,Log,MLP,712,20,6
tomcat.csv,Log,DTree,708,22,8
tomcat.csv,NB,Log,666,1,0
tomcat.csv,NB,RBF,667,0,0
tomcat.csv,NB,MLP,654,10,3
tomcat.csv,NB,DTree,652,14,1
tomcat.csv,RBF,Log,737,15,13
tomcat.csv,RBF,NB,667,68,30
tomcat.csv,RBF,MLP,718,30,17
tomcat.csv,RBF,DTree,717,31,17
tomcat.csv,MLP,Log,712,5,2
tomcat.csv,MLP,NB,654,49,16
tomcat.csv,MLP,RBF,718,1,0
tomcat.csv,MLP,DTree,691,20,8
tomcat.csv,DTree,Log,708,6,4
tomcat.csv,DTree,NB,652,52,14
tomcat.csv,DTree,RBF,717,1,0
tomcat.csv,DTree,MLP,691,19,8
velocity-1.6.csv,Log,NB,144,6,4
velocity-1.6.csv,Log,RBF,143,7,4
velocity-1.6.csv,Log,MLP,110,24,20
velocity-1.6.csv,Log,DTree,117,19,18
velocity-1.6.csv,NB,Log,144,14,19
velocity-1.6.csv,NB,RBF,162,8,7
velocity-1.6.csv,NB,MLP,112,31,34
velocity-1.6.csv,NB,DTree,125,25,27
velocity-1.6.csv,RBF,Log,143,12,17
velocity-1.6.csv,RBF,NB,162,5,5
velocity-1.6.csv,RBF,MLP,115,28,29
velocity-1.6.csv,RBF,DTree,126,24,22
velocity-1.6.csv,MLP,Log,110,5,4
velocity-1.6.csv,MLP,NB,112,4,3
velocity-1.6.csv,MLP,RBF,115,4,0
velocity-1.6.csv,MLP,DTree,100,15,4
velocity-1.6.csv,DTree,Log,117,4,11
velocity-1.6.csv,DTree,NB,125,2,5
velocity-1.6.csv,DTree,RBF,126,4,2
velocity-1.6.csv,DTree,MLP,100,19,13
workflow.csv,Log,NB,19,0,1
workflow.csv,Log,RBF,13,3,4
workflow.csv,Log,MLP,16,2,2
workflow.csv,Log,DTree,13,3,4
workflow.csv,NB,Log,19,4,4
workflow.csv,NB,RBF,18,5,4
workflow.csv,NB,MLP,18,5,4
workflow.csv,NB,DTree,16,4,7
workflow.csv,RBF,Log,13,2,3
workflow.csv,RBF,NB,18,0,0
workflow.csv,RBF,MLP,12,2,4
workflow.csv,RBF,DTree,10,4,4
workflow.csv,MLP,Log,16,1,2
workflow.csv,MLP,NB,18,0,1
workflow.csv,MLP,RBF,12,2,5
workflow.csv,MLP,DTree,11,3,5
workflow.csv,DTree,Log,13,3,1
workflow.csv,DTree,NB,16,0,1
workflow.csv,DTree,RBF,10,5,2
workflow.csv,DTree,MLP,11,4,2
wspomaganiepi.csv,Log,NB,3,0,2
wspomaganiepi.csv,Log,RBF,3,1,1
wspomaganiepi.csv,Log,MLP,5,0,0
wspomaganiepi.csv,Log,DTree,2,1,2
wspomaganiepi.csv,NB,Log,3,0,0
wspomaganiepi.csv,NB,RBF,2,1,0
wspomaganiepi.csv,NB,MLP,3,0,0
wspomaganiepi.csv,NB,DTree,2,1,0
wspomaganiepi.csv,RBF,Log,3,0,0
wspomaganiepi.csv,RBF,NB,2,0,1
wspomaganiepi.csv,RBF,MLP,3,0,0
wspomaganiepi.csv,RBF,DTree,2,0,1
wspomaganiepi.csv,MLP,Log,5,1,0
wspomaganiepi.csv,MLP,NB,3,1,2
wspomaganiepi.csv,MLP,RBF,3,2,1
wspomaganiepi.csv,MLP,DTree,3,1,2
wspomaganiepi.csv,DTree,Log,2,1,0
wspomaganiepi.csv,DTree,NB,2,1,0
wspomaganiepi.csv,DTree,RBF,2,1,0
wspomaganiepi.csv,DTree,MLP,3,0,0
xalan-2.7.csv,Log,NB,11,0,5
xalan-2.7.csv,Log,RBF,0,6,10
xalan-2.7.csv,Log,MLP,0,6,10
xalan-2.7.csv,Log,DTree,6,0,10
xalan-2.7.csv,NB,Log,11,2,121
xalan-2.7.csv,NB,RBF,0,8,126
xalan-2.7.csv,NB,MLP,0,8,126
xalan-2.7.csv,NB,DTree,6,2,126
xalan-2.7.csv,RBF,Log,0,0,0
xalan-2.7.csv,RBF,NB,0,0,0
xalan-2.7.csv,RBF,MLP,0,0,0
xalan-2.7.csv,RBF,DTree,0,0,0
xalan-2.7.csv,MLP,Log,0,0,0
xalan-2.7.csv,MLP,NB,0,0,0
xalan-2.7.csv,MLP,RBF,0,0,0
xalan-2.7.csv,MLP,DTree,0,0,0
xalan-2.7.csv,DTree,Log,6,0,0
xalan-2.7.csv,DTree,NB,6,0,0
xalan-2.7.csv,DTree,RBF,0,6,0
xalan-2.7.csv,DTree,MLP,0,6,0
xerces-1.4.csv,Log,NB,131,4,5
xerces-1.4.csv,Log,RBF,74,43,23
xerces-1.4.csv,Log,MLP,114,8,18
xerces-1.4.csv,Log,DTree,107,6,27
xerces-1.4.csv,NB,Log,131,17,127
xerces-1.4.csv,NB,RBF,115,53,107
xerces-1.4.csv,NB,MLP,117,18,140
xerces-1.4.csv,NB,DTree,114,14,147
xerces-1.4.csv,RBF,Log,74,3,40
xerces-1.4.csv,RBF,NB,115,0,2
xerces-1.4.csv,RBF,MLP,67,8,42
xerces-1.4.csv,RBF,DTree,63,6,48
xerces-1.4.csv,MLP,Log,114,8,6
xerces-1.4.csv,MLP,NB,117,5,6
xerces-1.4.csv,MLP,RBF,67,48,13
xerces-1.4.csv,MLP,DTree,108,2,18
xerces-1.4.csv,DTree,Log,107,11,4
xerces-1.4.csv,DTree,NB,114,6,2
xerces-1.4.csv,DTree,RBF,63,51,8
xerces-1.4.csv,DTree,MLP,108,7,7
zuzel.csv,Log,NB,11,0,1
zuzel.csv,Log,RBF,12,0,0
zuzel.csv,Log,MLP,12,0,0
zuzel.csv,Log,DTree,11,0,1
zuzel.csv,NB,Log,11,4,0
zuzel.csv,NB,RBF,13,2,0
zuzel.csv,NB,MLP,14,1,0
zuzel.csv,NB,DTree,14,1,0
zuzel.csv,RBF,Log,12,2,0
zuzel.csv,RBF,NB,13,0,1
zuzel.csv,RBF,MLP,14,0,0
zuzel.csv,RBF,DTree,13,0,1
zuzel.csv,MLP,Log,12,3,0
zuzel.csv,MLP,NB,14,0,1
zuzel.csv,MLP,RBF,14,1,0
zuzel.csv,MLP,DTree,14,0,1
zuzel.csv,DTree,Log,11,3,0
zuzel.csv,DTree,NB,14,0,0
zuzel.csv,DTree,RBF,13,1,0
zuzel.csv,DTree,MLP,14,0,0
